<?xml version="1.0" encoding="UTF-8" ?>
<!DOCTYPE hibernate-mapping PUBLIC "-//Hibernate/Hibernate Mapping DTD 3.0//EN"
        "http://hibernate.sourceforge.net/hibernate-mapping-3.0.dtd">
<hibernate-mapping package="com.ad.database">
    <class name="com.ad.database.Accounts" table="t_accounts">
        <id name="id" type="java.lang.Integer">
            <column name="id"></column>
            <generator class="identity"></generator>
        </id>
        <property name="username" type="java.lang.String">
            <column name="username"></column>
        </property>
        <many-to-one name="user" class="com.ad.database.User" column="userid"></many-to-one>
        <property name="authoritylevel" type="java.lang.Integer">
            <column name="authoritylevel"></column>
        </property>
        <property name="password" type="java.lang.String">
            <column name="password"></column>
        </property>

    </class>
</hibernate-mapping>