<?xml version="1.0" encoding="UTF-8" ?>
<!DOCTYPE hibernate-mapping PUBLIC "-//Hibernate/Hibernate Mapping DTD 3.0//EN"
        "http://hibernate.sourceforge.net/hibernate-mapping-3.0.dtd">
<hibernate-mapping package="com.ad.database">
    <class name="com.ad.database.Advertise" table="t_advertise">
        <id name="id" type="java.lang.Integer">
            <column name="id"></column>
            <generator class="identity"></generator>
        </id>
        <property name="housingid" type="java.lang.Integer">
            <column name="housingid"></column>
        </property>
<!--        <property name="userid" type="java.lang.Integer">-->
<!--            <column name="userid"></column>-->
<!--        </property>-->
        <many-to-one name="user" class="com.ad.database.User"
                     column="userid"></many-to-one>
        <set name="housings" table="housing_advertise">
            <key column="aid"></key>
            <many-to-many class="com.ad.database.housing" column="hid"></many-to-many>
        </set>
    </class>
</hibernate-mapping>