<?xml version="1.0" encoding="UTF-8" ?>
<!DOCTYPE hibernate-mapping PUBLIC "-//Hibernate/Hibernate Mapping DTD 3.0//EN"
        "http://hibernate.sourceforge.net/hibernate-mapping-3.0.dtd">
<hibernate-mapping package="com.ad.database">
    <class name="com.ad.database.comment" table="t_comment">
        <id name="id" type="java.lang.Integer">
            <column name="id"></column>
            <generator class="identity"></generator>
        </id>
        <property name="advertiseid" type="java.lang.Integer">
            <column name="advertiseid"></column>
        </property>
        <property name="content" type="java.lang.String">
            <column name="content"></column>
        </property>
        <property name="time" type="java.sql.Timestamp">
            <column name="time"></column>
        </property>
        <many-to-one name="user" class="com.ad.database.User" column="userid"></many-to-one>
    </class>
</hibernate-mapping>