<?xml version="1.0" encoding="UTF-8" ?>
<!DOCTYPE hibernate-mapping PUBLIC "-//Hibernate/Hibernate Mapping DTD 3.0//EN"
        "http://hibernate.sourceforge.net/hibernate-mapping-3.0.dtd">
<hibernate-mapping>
    <class name="com.ad.database.User" table="t_user">
        <id name="id" column="id"  type="int">
            <generator class="identity"/>
        </id>
        <set name="account" table="t_advertise" lazy="true">
            <key column="userid"></key>
            <one-to-many class="com.ad.database.Accounts" ></one-to-many>
        </set>
        <set name="comment" table="t_comment" lazy="true">
            <key column="userid"></key>
            <one-to-many class="com.ad.database.comment" ></one-to-many>
        </set>
        <set name="advertise" table="t_advertise" lazy="true">
            <key column="userid"></key>
            <one-to-many class="com.ad.database.Advertise" ></one-to-many>
        </set>
    </class>
</hibernate-mapping>
